id,test_id,question_id,testuser_id,response
9,2,2,test_user_id1506263147917,5
10,2,3,test_user_id1506263147917,3
11,2,4,test_user_id1506263147917,"It has a friendly wibe to it, but maybe a little too much."
12,2,2,test_user_id1506263147917,4
13,2,3,test_user_id1506263147917,4
14,2,4,test_user_id1506263147917,"I thought it was nice and happy."
15,2,2,test_user_id1506263147917,5
16,2,3,test_user_id1506263147917,2
17,2,4,test_user_id1506263147917,"Too overblown to my taste and too corny"
18,2,2,test_user_id1506263147917,5
19,2,3,test_user_id1506263147917,3
20,2,4,test_user_id1506263147917,"It had a very nice feel to it, very homely."
21,2,2,test_user_id1506263147917,4
22,2,3,test_user_id1506263147917,4
23,2,4,test_user_id1506263147917,"Good and trustworthy"
24,2,2,test_user_id1507572817533,4
25,2,3,test_user_id1507572817533,2
26,2,4,test_user_id1507572817533,"Too bright colors!"
27,2,2,test_user_id1507572817533,3
28,2,3,test_user_id1507572817533,4
29,2,4,test_user_id1507572817533,"Very nice! I loved the feel!"
30,2,2,test_user_id1507572817533,5
31,2,3,test_user_id1507572817533,5
32,2,4,test_user_id1507572817533,"Loved it!"
